MODEL,mean,std,n
XGB,20.41799520120076,18.052070670564,10
RF,16.222186209526093,18.084549981211858,10
DEEP_MLP,13.972506086098807,12.275824165743002,10
